bit, acc
1, 0.100000
2, 0.206300
3, 0.778900
4, 0.874600
5, 0.904100
6, 0.906900
7, 0.906900
8, 0.907100
10, 0.906500
12, 0.906500
