bit, acc
1, 0.221200
2, 0.811600
